{
    "simulated": {
        "auc": 0.923196818658553,
        "n_features": 100
    },
    "base_lr": {
        "coefficients": [
            [
                0.9427409793899201,
                1.0007082859536283,
                1.033927672531323,
                0.9866261625370402,
                1.0188149668989783,
                0.9746349581029295,
                0.9932031333287547,
                1.0090639025492159,
                0.9887096685040343,
                0.9444149305532329,
                0.055982224063405917,
                0.08860854235311694,
                0.044341107576315666,
                -0.01614006574905638,
                -0.012871444045904307,
                -0.0248679250248301,
                -0.0598759486512908,
                0.028717981384410767,
                -0.005759056178321837,
                -0.04192812073093283,
                0.014002426419130142,
                0.00886268596152945,
                -0.002305500606736791,
                -0.032326846336950384,
                -0.033188217815032985,
                0.030367830440970536,
                0.02225532246249121,
                0.044561190974666265,
                -0.08691489029391102,
                -0.014469653752579576,
                0.017697579892355864,
                0.011290576274039727,
                0.04139057060648631,
                -0.03456164768195652,
                0.04484528232428262,
                0.033603791149699996,
                -0.017769218795054036,
                0.043281510718748605,
                -0.031015469372860094,
                -0.029810610934993147,
                -0.07133972361998778,
                0.00945136523005768,
                0.07149649716850769,
                0.0037965720217092457,
                0.021872107143310424,
                -0.004614218267700387,
                -0.01281384616986474,
                -0.02235115019926597,
                -0.027096864598058268,
                0.031630360558771234,
                -0.01725121080052587,
                -0.0053076590434633555,
                0.0029408442060755813,
                -0.04392667521711277,
                0.021490735285443603,
                -0.020103453081227053,
                -0.051045927175120694,
                -0.0711708051197592,
                -0.07177872286160772,
                -0.0017195446006550456,
                0.02377614663005016,
                -0.007699842475340935,
                0.017759211259953174,
                -0.053315812173356694,
                0.015754809498928248,
                -0.004280923916492858,
                0.0031574787927969496,
                -0.021216366966621675,
                0.06348897982582877,
                -0.00659959136690201,
                0.009308495678233338,
                -0.06685796902691243,
                -0.04016371942904917,
                0.017208157095264746,
                -0.05831273818329585,
                0.029783544055346695,
                -0.005520130418904741,
                -0.00041058979951257067,
                -0.014121744442078726,
                -0.04612809928887825,
                0.0801248528383985,
                -0.013087753738588297,
                0.00021179639268481288,
                -0.0049114022578419835,
                -0.06419293801905424,
                0.023308324392605273,
                -0.03626986682183235,
                0.06835138002661997,
                -0.01251962546242641,
                0.00027558388968136925,
                -0.03408634181941327,
                0.036889825199685276,
                0.005010381266521255,
                0.04688014198413429,
                -0.04142279509417161,
                0.017634732961805007,
                0.022495398089842036,
                0.04268893180797118,
                -0.02223832566241176,
                0.036478791028617105
            ]
        ],
        "intercept": [
            0.03033269242134514
        ],
        "auc": 0.9237608109447497,
        "selected_features": [
            "V0",
            "V1",
            "V2",
            "V3",
            "V4",
            "V5",
            "V6",
            "V7",
            "V8",
            "V9",
            "V10",
            "V11",
            "V12",
            "V13",
            "V14",
            "V15",
            "V16",
            "V17",
            "V18",
            "V19",
            "V20",
            "V21",
            "V22",
            "V23",
            "V24",
            "V25",
            "V26",
            "V27",
            "V28",
            "V29",
            "V30",
            "V31",
            "V32",
            "V33",
            "V34",
            "V35",
            "V36",
            "V37",
            "V38",
            "V39",
            "V40",
            "V41",
            "V42",
            "V43",
            "V44",
            "V45",
            "V46",
            "V47",
            "V48",
            "V49",
            "V50",
            "V51",
            "V52",
            "V53",
            "V54",
            "V55",
            "V56",
            "V57",
            "V58",
            "V59",
            "V60",
            "V61",
            "V62",
            "V63",
            "V64",
            "V65",
            "V66",
            "V67",
            "V68",
            "V69",
            "V70",
            "V71",
            "V72",
            "V73",
            "V74",
            "V75",
            "V76",
            "V77",
            "V78",
            "V79",
            "V80",
            "V81",
            "V82",
            "V83",
            "V84",
            "V85",
            "V86",
            "V87",
            "V88",
            "V89",
            "V90",
            "V91",
            "V92",
            "V93",
            "V94",
            "V95",
            "V96",
            "V97",
            "V98",
            "V99"
        ],
        "n_features": 100
    },