{
    "simulated": {
        "auc": 0.8900629976027206,
        "n_features": 100,
        "n_observations": 10000,
        "coefficients": [
            0.8508516372851416,
            0.704565515936435,
            0.9240085455456081,
            0.839136602543136,
            0.5871112578929486,
            0.5599729166037481,
            0.8960672806619615,
            0.651251491045659,
            0.5258153762417657,
            0.5989586863888807,
            0.0,
            0.0,
            0.0,
            0.0,
            0.0,
            0.0,
            0.0,
            0.0,
            0.0,
            0.0,
            0.0,
            0.0,
            0.0,
            0.0,
            0.0,
            0.0,
            0.0,
            0.0,
            0.0,
            0.0,
            0.0,
            0.0,
            0.0,
            0.0,
            0.0,
            0.0,
            0.0,
            0.0,
            0.0,
            0.0,
            0.0,
            0.0,
            0.0,
            0.0,
            0.0,
            0.0,
            0.0,
            0.0,
            0.0,
            0.0,
            0.0,
            0.0,
            0.0,
            0.0,
            0.0,
            0.0,
            0.0,
            0.0,
            0.0,
            0.0,
            0.0,
            0.0,
            0.0,
            0.0,
            0.0,
            0.0,
            0.0,
            0.0,
            0.0,
            0.0,
            0.0,
            0.0,
            0.0,
            0.0,
            0.0,
            0.0,
            0.0,
            0.0,
            0.0,
            0.0,
            0.0,
            0.0,
            0.0,
            0.0,
            0.0,
            0.0,
            0.0,
            0.0,
            0.0,
            0.0,
            0.0,
            0.0,
            0.0,
            0.0,
            0.0,
            0.0,
            0.0,
            0.0,
            0.0,
            0.0
        ]
    },
    "base_lr": {
        "coefficients": [
            [
                0.7911816388754689,
                0.7163801158963323,
                0.9750743173962294,
                0.9140602863518399,
                0.5515420649371189,
                0.5395690404704119,
                0.8961994139495965,
                0.6088920052343268,
                0.5328917033986081,
                0.5736837861125582,
                0.0113214691875136,
                0.009116028220267207,
                0.004552438080692742,
                -0.03196256377041761,
                0.05348930806757101,
                -0.04005760301026809,
                -0.04579852850154293,
                -0.0036484062367651477,
                0.05751679200564439,
                -0.025142621802653035,
                0.04374626621370681,
                -0.015040587788360907,
                -0.023719556497641407,
                -0.043652794339856554,
                0.03784537155273585,
                -0.023036318220429463,
                -0.009791888411948432,
                -0.0364471393166545,
                -0.05589711512034534,
                -0.031745110001849944,
                -0.019180414006386298,
                -0.008504299904499255,
                0.03931973799290286,
                -0.0011689775687056042,
                0.020337612534934348,
                -0.049123238795168105,
                0.10526272743398683,
                -0.013743141065065925,
                -0.018607719615532044,
                -0.014289944313521447,
                -0.0010382119652612588,
                0.013008756625697357,
                -0.030499417244485624,
                -0.1027438131336401,
                0.010638852390193857,
                0.004526969693047331,
                0.0009759084362468703,
                -0.006191853608627513,
                0.03680135651427592,
                0.06585685857407235,
                -0.05964262079358742,
                0.07285578945833378,
                -0.010576700891836328,
                0.04310159106210694,
                0.05039851577270227,
                -0.0207260208111318,
                0.04718457913025287,
                -0.007088488627856439,
                0.05124525761045717,
                -0.016079263395853756,
                0.046489496680677554,
                -0.04722942533032154,
                -0.031107716994750123,
                0.11439264896066696,
                -0.02263801200443931,
                -0.06421117927158411,
                -0.02497038570321876,
                -0.04251998190901534,
                0.039859071035237184,
                -0.011756690250196615,
                -0.029149668042156386,
                0.017367779014877502,
                0.03424168771718758,
                0.03457064252111837,
                -0.06986378351942318,
                -0.04534494011183785,
                -0.015479685276585557,
                -0.04934145468033534,
                0.0028878157518631873,
                -0.08130200194787458,
                -0.04641013773482042,
                -0.0675437992288095,
                0.023742860339856856,
                -0.0006959650550484141,
                0.047511336851528925,
                0.009231508080234733,
                -0.02506533941505736,
                -0.04990124283952366,
                0.04263230765658768,
                0.031078505805133282,
                0.010968627377574034,
                -0.016419130258039216,
                -0.061698498703195014,
                0.024120805280798106,
                -0.017011332426648457,
                0.01639906867133907,
                0.010339766601358439,
                -0.0007634571437464981,
                -0.0019233560556359698,
                0.0009968850019317888
            ]
        ],
        "intercept": [
            -1.9743400732404077
        ],
        "auc": 0.8958809375770087,